ngram	year	match_count	volume_count	ngram_order	corpus_release	source_shard	wide_field_index
forevermore	1630	1	1	1	googlebooks-eng-20200217	1-00018-of-00024.gz	1
forevermore	1634	2	2	1	googlebooks-eng-20200217	1-00018-of-00024.gz	2
forevermore	1639	1	1	1	googlebooks-eng-20200217	1-00018-of-00024.gz	3
forevermore	1640	1	1	1	googlebooks-eng-20200217	1-00018-of-00024.gz	4
forevermore	1649	1	1	1	googlebooks-eng-20200217	1-00018-of-00024.gz	5
forevermore	1651	1	1	1	googlebooks-eng-20200217	1-00018-of-00024.gz	6
forevermore	1655	1	1	1	googlebooks-eng-20200217	1-00018-of-00024.gz	7
forevermore	1659	1	1	1	googlebooks-eng-20200217	1-00018-of-00024.gz	8
forevermore	1661	2	2	1	googlebooks-eng-20200217	1-00018-of-00024.gz	9
forevermore	1662	1	1	1	googlebooks-eng-20200217	1-00018-of-00024.gz	10
forevermore	1663	1	1	1	googlebooks-eng-20200217	1-00018-of-00024.gz	11
forevermore	1664	1	1	1	googlebooks-eng-20200217	1-00018-of-00024.gz	12
forevermore	1670	1	1	1	googlebooks-eng-20200217	1-00018-of-00024.gz	13
forevermore	1673	1	1	1	googlebooks-eng-20200217	1-00018-of-00024.gz	14
forevermore	1676	17	3	1	googlebooks-eng-20200217	1-00018-of-00024.gz	15
forevermore	1677	2	2	1	googlebooks-eng-20200217	1-00018-of-00024.gz	16
forevermore	1680	1	1	1	googlebooks-eng-20200217	1-00018-of-00024.gz	17
forevermore	1684	1	1	1	googlebooks-eng-20200217	1-00018-of-00024.gz	18
forevermore	1685	2	1	1	googlebooks-eng-20200217	1-00018-of-00024.gz	19
forevermore	1686	1	1	1	googlebooks-eng-20200217	1-00018-of-00024.gz	20
forevermore	1688	1	1	1	googlebooks-eng-20200217	1-00018-of-00024.gz	21
forevermore	1689	2	2	1	googlebooks-eng-20200217	1-00018-of-00024.gz	22
forevermore	1692	1	1	1	googlebooks-eng-20200217	1-00018-of-00024.gz	23
forevermore	1693	1	1	1	googlebooks-eng-20200217	1-00018-of-00024.gz	24
forevermore	1698	1	1	1	googlebooks-eng-20200217	1-00018-of-00024.gz	25
forevermore	1699	1	1	1	googlebooks-eng-20200217	1-00018-of-00024.gz	26
forevermore	1700	3	2	1	googlebooks-eng-20200217	1-00018-of-00024.gz	27
forevermore	1702	1	1	1	googlebooks-eng-20200217	1-00018-of-00024.gz	28
forevermore	1703	2	2	1	googlebooks-eng-20200217	1-00018-of-00024.gz	29
forevermore	1705	1	1	1	googlebooks-eng-20200217	1-00018-of-00024.gz	30
forevermore	1706	1	1	1	googlebooks-eng-20200217	1-00018-of-00024.gz	31
forevermore	1708	4	2	1	googlebooks-eng-20200217	1-00018-of-00024.gz	32
forevermore	1711	1	1	1	googlebooks-eng-20200217	1-00018-of-00024.gz	33
forevermore	1714	6	2	1	googlebooks-eng-20200217	1-00018-of-00024.gz	34
forevermore	1717	2	2	1	googlebooks-eng-20200217	1-00018-of-00024.gz	35
forevermore	1719	1	1	1	googlebooks-eng-20200217	1-00018-of-00024.gz	36
forevermore	1720	1	1	1	googlebooks-eng-20200217	1-00018-of-00024.gz	37
forevermore	1724	1	1	1	googlebooks-eng-20200217	1-00018-of-00024.gz	38
forevermore	1729	1	1	1	googlebooks-eng-20200217	1-00018-of-00024.gz	39
forevermore	1730	1	1	1	googlebooks-eng-20200217	1-00018-of-00024.gz	40
forevermore	1732	2	2	1	googlebooks-eng-20200217	1-00018-of-00024.gz	41
forevermore	1741	1	1	1	googlebooks-eng-20200217	1-00018-of-00024.gz	42
forevermore	1742	2	2	1	googlebooks-eng-20200217	1-00018-of-00024.gz	43
forevermore	1746	2	2	1	googlebooks-eng-20200217	1-00018-of-00024.gz	44
forevermore	1749	2	2	1	googlebooks-eng-20200217	1-00018-of-00024.gz	45
forevermore	1754	1	1	1	googlebooks-eng-20200217	1-00018-of-00024.gz	46
forevermore	1755	3	3	1	googlebooks-eng-20200217	1-00018-of-00024.gz	47
forevermore	1756	1	1	1	googlebooks-eng-20200217	1-00018-of-00024.gz	48
forevermore	1758	1	1	1	googlebooks-eng-20200217	1-00018-of-00024.gz	49
forevermore	1763	1	1	1	googlebooks-eng-20200217	1-00018-of-00024.gz	50
forevermore	1764	1	1	1	googlebooks-eng-20200217	1-00018-of-00024.gz	51
forevermore	1765	3	3	1	googlebooks-eng-20200217	1-00018-of-00024.gz	52
forevermore	1766	6	3	1	googlebooks-eng-20200217	1-00018-of-00024.gz	53
forevermore	1767	3	2	1	googlebooks-eng-20200217	1-00018-of-00024.gz	54
forevermore	1768	1	1	1	googlebooks-eng-20200217	1-00018-of-00024.gz	55
forevermore	1769	4	2	1	googlebooks-eng-20200217	1-00018-of-00024.gz	56
forevermore	1770	1	1	1	googlebooks-eng-20200217	1-00018-of-00024.gz	57
forevermore	1773	2	2	1	googlebooks-eng-20200217	1-00018-of-00024.gz	58
forevermore	1774	4	4	1	googlebooks-eng-20200217	1-00018-of-00024.gz	59
forevermore	1775	1	1	1	googlebooks-eng-20200217	1-00018-of-00024.gz	60
forevermore	1776	6	3	1	googlebooks-eng-20200217	1-00018-of-00024.gz	61
forevermore	1777	3	2	1	googlebooks-eng-20200217	1-00018-of-00024.gz	62
forevermore	1778	1	1	1	googlebooks-eng-20200217	1-00018-of-00024.gz	63
forevermore	1779	1	1	1	googlebooks-eng-20200217	1-00018-of-00024.gz	64
forevermore	1780	3	3	1	googlebooks-eng-20200217	1-00018-of-00024.gz	65
forevermore	1784	1	1	1	googlebooks-eng-20200217	1-00018-of-00024.gz	66
forevermore	1785	3	3	1	googlebooks-eng-20200217	1-00018-of-00024.gz	67
forevermore	1786	3	3	1	googlebooks-eng-20200217	1-00018-of-00024.gz	68
forevermore	1787	1	1	1	googlebooks-eng-20200217	1-00018-of-00024.gz	69
forevermore	1788	2	2	1	googlebooks-eng-20200217	1-00018-of-00024.gz	70
forevermore	1789	2	2	1	googlebooks-eng-20200217	1-00018-of-00024.gz	71
forevermore	1790	1	1	1	googlebooks-eng-20200217	1-00018-of-00024.gz	72
forevermore	1791	1	1	1	googlebooks-eng-20200217	1-00018-of-00024.gz	73
forevermore	1792	1	1	1	googlebooks-eng-20200217	1-00018-of-00024.gz	74
forevermore	1793	7	1	1	googlebooks-eng-20200217	1-00018-of-00024.gz	75
forevermore	1794	9	8	1	googlebooks-eng-20200217	1-00018-of-00024.gz	76
forevermore	1795	3	3	1	googlebooks-eng-20200217	1-00018-of-00024.gz	77
forevermore	1796	2	2	1	googlebooks-eng-20200217	1-00018-of-00024.gz	78
forevermore	1797	1	1	1	googlebooks-eng-20200217	1-00018-of-00024.gz	79
forevermore	1798	10	4	1	googlebooks-eng-20200217	1-00018-of-00024.gz	80
forevermore	1799	8	5	1	googlebooks-eng-20200217	1-00018-of-00024.gz	81
forevermore	1800	25	19	1	googlebooks-eng-20200217	1-00018-of-00024.gz	82
forevermore	1801	10	10	1	googlebooks-eng-20200217	1-00018-of-00024.gz	83
forevermore	1802	3	3	1	googlebooks-eng-20200217	1-00018-of-00024.gz	84
forevermore	1803	17	15	1	googlebooks-eng-20200217	1-00018-of-00024.gz	85
forevermore	1804	29	18	1	googlebooks-eng-20200217	1-00018-of-00024.gz	86
forevermore	1805	14	12	1	googlebooks-eng-20200217	1-00018-of-00024.gz	87
forevermore	1806	11	8	1	googlebooks-eng-20200217	1-00018-of-00024.gz	88
forevermore	1807	31	21	1	googlebooks-eng-20200217	1-00018-of-00024.gz	89
forevermore	1808	43	30	1	googlebooks-eng-20200217	1-00018-of-00024.gz	90
forevermore	1809	48	24	1	googlebooks-eng-20200217	1-00018-of-00024.gz	91
forevermore	1810	39	28	1	googlebooks-eng-20200217	1-00018-of-00024.gz	92
forevermore	1811	35	29	1	googlebooks-eng-20200217	1-00018-of-00024.gz	93
forevermore	1812	51	30	1	googlebooks-eng-20200217	1-00018-of-00024.gz	94
forevermore	1813	35	23	1	googlebooks-eng-20200217	1-00018-of-00024.gz	95
forevermore	1814	34	20	1	googlebooks-eng-20200217	1-00018-of-00024.gz	96
forevermore	1815	38	34	1	googlebooks-eng-20200217	1-00018-of-00024.gz	97
forevermore	1816	14	13	1	googlebooks-eng-20200217	1-00018-of-00024.gz	98
forevermore	1817	29	28	1	googlebooks-eng-20200217	1-00018-of-00024.gz	99
forevermore	1818	34	29	1	googlebooks-eng-20200217	1-00018-of-00024.gz	100
forevermore	1819	31	24	1	googlebooks-eng-20200217	1-00018-of-00024.gz	101
forevermore	1820	48	37	1	googlebooks-eng-20200217	1-00018-of-00024.gz	102
forevermore	1821	62	40	1	googlebooks-eng-20200217	1-00018-of-00024.gz	103
forevermore	1822	58	48	1	googlebooks-eng-20200217	1-00018-of-00024.gz	104
forevermore	1823	46	36	1	googlebooks-eng-20200217	1-00018-of-00024.gz	105
forevermore	1824	106	56	1	googlebooks-eng-20200217	1-00018-of-00024.gz	106
forevermore	1825	42	37	1	googlebooks-eng-20200217	1-00018-of-00024.gz	107
forevermore	1826	56	47	1	googlebooks-eng-20200217	1-00018-of-00024.gz	108
forevermore	1827	58	37	1	googlebooks-eng-20200217	1-00018-of-00024.gz	109
forevermore	1828	67	51	1	googlebooks-eng-20200217	1-00018-of-00024.gz	110
forevermore	1829	133	73	1	googlebooks-eng-20200217	1-00018-of-00024.gz	111
forevermore	1830	136	82	1	googlebooks-eng-20200217	1-00018-of-00024.gz	112
forevermore	1831	172	93	1	googlebooks-eng-20200217	1-00018-of-00024.gz	113
forevermore	1832	112	89	1	googlebooks-eng-20200217	1-00018-of-00024.gz	114
forevermore	1833	142	94	1	googlebooks-eng-20200217	1-00018-of-00024.gz	115
forevermore	1834	149	107	1	googlebooks-eng-20200217	1-00018-of-00024.gz	116
forevermore	1835	143	83	1	googlebooks-eng-20200217	1-00018-of-00024.gz	117
forevermore	1836	115	87	1	googlebooks-eng-20200217	1-00018-of-00024.gz	118
forevermore	1837	162	107	1	googlebooks-eng-20200217	1-00018-of-00024.gz	119
forevermore	1838	171	109	1	googlebooks-eng-20200217	1-00018-of-00024.gz	120
forevermore	1839	187	118	1	googlebooks-eng-20200217	1-00018-of-00024.gz	121
forevermore	1840	147	86	1	googlebooks-eng-20200217	1-00018-of-00024.gz	122
forevermore	1841	204	147	1	googlebooks-eng-20200217	1-00018-of-00024.gz	123
forevermore	1842	224	173	1	googlebooks-eng-20200217	1-00018-of-00024.gz	124
forevermore	1843	244	151	1	googlebooks-eng-20200217	1-00018-of-00024.gz	125
forevermore	1844	265	171	1	googlebooks-eng-20200217	1-00018-of-00024.gz	126
forevermore	1845	303	193	1	googlebooks-eng-20200217	1-00018-of-00024.gz	127
forevermore	1846	410	223	1	googlebooks-eng-20200217	1-00018-of-00024.gz	128
forevermore	1847	305	178	1	googlebooks-eng-20200217	1-00018-of-00024.gz	129
forevermore	1848	322	193	1	googlebooks-eng-20200217	1-00018-of-00024.gz	130
forevermore	1849	346	197	1	googlebooks-eng-20200217	1-00018-of-00024.gz	131
forevermore	1850	580	233	1	googlebooks-eng-20200217	1-00018-of-00024.gz	132
forevermore	1851	443	253	1	googlebooks-eng-20200217	1-00018-of-00024.gz	133
forevermore	1852	405	293	1	googlebooks-eng-20200217	1-00018-of-00024.gz	134
forevermore	1853	431	270	1	googlebooks-eng-20200217	1-00018-of-00024.gz	135
forevermore	1854	532	319	1	googlebooks-eng-20200217	1-00018-of-00024.gz	136
forevermore	1855	550	333	1	googlebooks-eng-20200217	1-00018-of-00024.gz	137
forevermore	1856	558	350	1	googlebooks-eng-20200217	1-00018-of-00024.gz	138
forevermore	1857	510	356	1	googlebooks-eng-20200217	1-00018-of-00024.gz	139
forevermore	1858	657	346	1	googlebooks-eng-20200217	1-00018-of-00024.gz	140
forevermore	1859	676	386	1	googlebooks-eng-20200217	1-00018-of-00024.gz	141
forevermore	1860	626	396	1	googlebooks-eng-20200217	1-00018-of-00024.gz	142
forevermore	1861	449	295	1	googlebooks-eng-20200217	1-00018-of-00024.gz	143
forevermore	1862	468	219	1	googlebooks-eng-20200217	1-00018-of-00024.gz	144
forevermore	1863	453	256	1	googlebooks-eng-20200217	1-00018-of-00024.gz	145
forevermore	1864	622	369	1	googlebooks-eng-20200217	1-00018-of-00024.gz	146
forevermore	1865	719	385	1	googlebooks-eng-20200217	1-00018-of-00024.gz	147
forevermore	1866	907	506	1	googlebooks-eng-20200217	1-00018-of-00024.gz	148
forevermore	1867	786	473	1	googlebooks-eng-20200217	1-00018-of-00024.gz	149
forevermore	1868	768	443	1	googlebooks-eng-20200217	1-00018-of-00024.gz	150
forevermore	1869	768	443	1	googlebooks-eng-20200217	1-00018-of-00024.gz	151
forevermore	1870	1004	493	1	googlebooks-eng-20200217	1-00018-of-00024.gz	152
forevermore	1871	964	492	1	googlebooks-eng-20200217	1-00018-of-00024.gz	153
forevermore	1872	1123	530	1	googlebooks-eng-20200217	1-00018-of-00024.gz	154
forevermore	1873	869	483	1	googlebooks-eng-20200217	1-00018-of-00024.gz	155
forevermore	1874	774	455	1	googlebooks-eng-20200217	1-00018-of-00024.gz	156
forevermore	1875	810	463	1	googlebooks-eng-20200217	1-00018-of-00024.gz	157
forevermore	1876	992	559	1	googlebooks-eng-20200217	1-00018-of-00024.gz	158
forevermore	1877	849	499	1	googlebooks-eng-20200217	1-00018-of-00024.gz	159
forevermore	1878	864	490	1	googlebooks-eng-20200217	1-00018-of-00024.gz	160
forevermore	1879	899	482	1	googlebooks-eng-20200217	1-00018-of-00024.gz	161
forevermore	1880	1023	512	1	googlebooks-eng-20200217	1-00018-of-00024.gz	162
forevermore	1881	1430	713	1	googlebooks-eng-20200217	1-00018-of-00024.gz	163
forevermore	1882	1082	641	1	googlebooks-eng-20200217	1-00018-of-00024.gz	164
forevermore	1883	1602	852	1	googlebooks-eng-20200217	1-00018-of-00024.gz	165
forevermore	1884	1458	767	1	googlebooks-eng-20200217	1-00018-of-00024.gz	166
forevermore	1885	1524	738	1	googlebooks-eng-20200217	1-00018-of-00024.gz	167
forevermore	1886	1591	861	1	googlebooks-eng-20200217	1-00018-of-00024.gz	168
forevermore	1887	1663	920	1	googlebooks-eng-20200217	1-00018-of-00024.gz	169
forevermore	1888	1732	976	1	googlebooks-eng-20200217	1-00018-of-00024.gz	170
forevermore	1889	1416	833	1	googlebooks-eng-20200217	1-00018-of-00024.gz	171
forevermore	1890	1728	917	1	googlebooks-eng-20200217	1-00018-of-00024.gz	172
forevermore	1891	1592	891	1	googlebooks-eng-20200217	1-00018-of-00024.gz	173
forevermore	1892	2169	1162	1	googlebooks-eng-20200217	1-00018-of-00024.gz	174
forevermore	1893	1652	1005	1	googlebooks-eng-20200217	1-00018-of-00024.gz	175
forevermore	1894	1707	949	1	googlebooks-eng-20200217	1-00018-of-00024.gz	176
forevermore	1895	1725	1010	1	googlebooks-eng-20200217	1-00018-of-00024.gz	177
forevermore	1896	1682	1059	1	googlebooks-eng-20200217	1-00018-of-00024.gz	178
forevermore	1897	1865	1155	1	googlebooks-eng-20200217	1-00018-of-00024.gz	179
forevermore	1898	1643	1104	1	googlebooks-eng-20200217	1-00018-of-00024.gz	180
forevermore	1899	2401	1375	1	googlebooks-eng-20200217	1-00018-of-00024.gz	181
forevermore	1900	2415	1460	1	googlebooks-eng-20200217	1-00018-of-00024.gz	182
forevermore	1901	1890	1218	1	googlebooks-eng-20200217	1-00018-of-00024.gz	183
forevermore	1902	2003	1345	1	googlebooks-eng-20200217	1-00018-of-00024.gz	184
forevermore	1903	1587	1078	1	googlebooks-eng-20200217	1-00018-of-00024.gz	185
forevermore	1904	2357	1369	1	googlebooks-eng-20200217	1-00018-of-00024.gz	186
forevermore	1905	1667	1129	1	googlebooks-eng-20200217	1-00018-of-00024.gz	187
forevermore	1906	1789	1124	1	googlebooks-eng-20200217	1-00018-of-00024.gz	188
forevermore	1907	1818	1147	1	googlebooks-eng-20200217	1-00018-of-00024.gz	189
forevermore	1908	1777	1121	1	googlebooks-eng-20200217	1-00018-of-00024.gz	190
forevermore	1909	2246	1365	1	googlebooks-eng-20200217	1-00018-of-00024.gz	191
forevermore	1910	2047	1326	1	googlebooks-eng-20200217	1-00018-of-00024.gz	192
forevermore	1911	1959	1281	1	googlebooks-eng-20200217	1-00018-of-00024.gz	193
forevermore	1912	1849	1256	1	googlebooks-eng-20200217	1-00018-of-00024.gz	194
forevermore	1913	1907	1238	1	googlebooks-eng-20200217	1-00018-of-00024.gz	195
forevermore	1914	1861	1105	1	googlebooks-eng-20200217	1-00018-of-00024.gz	196
forevermore	1915	1549	1120	1	googlebooks-eng-20200217	1-00018-of-00024.gz	197
forevermore	1916	1634	1229	1	googlebooks-eng-20200217	1-00018-of-00024.gz	198
forevermore	1917	1917	1340	1	googlebooks-eng-20200217	1-00018-of-00024.gz	199
forevermore	1918	1790	1191	1	googlebooks-eng-20200217	1-00018-of-00024.gz	200
forevermore	1919	1819	1272	1	googlebooks-eng-20200217	1-00018-of-00024.gz	201
forevermore	1920	1565	1162	1	googlebooks-eng-20200217	1-00018-of-00024.gz	202
forevermore	1921	1514	1078	1	googlebooks-eng-20200217	1-00018-of-00024.gz	203
forevermore	1922	1598	1045	1	googlebooks-eng-20200217	1-00018-of-00024.gz	204
forevermore	1923	860	600	1	googlebooks-eng-20200217	1-00018-of-00024.gz	205
forevermore	1924	867	526	1	googlebooks-eng-20200217	1-00018-of-00024.gz	206
forevermore	1925	958	660	1	googlebooks-eng-20200217	1-00018-of-00024.gz	207
forevermore	1926	765	571	1	googlebooks-eng-20200217	1-00018-of-00024.gz	208
forevermore	1927	857	623	1	googlebooks-eng-20200217	1-00018-of-00024.gz	209
forevermore	1928	829	595	1	googlebooks-eng-20200217	1-00018-of-00024.gz	210
forevermore	1929	1041	668	1	googlebooks-eng-20200217	1-00018-of-00024.gz	211
forevermore	1930	826	625	1	googlebooks-eng-20200217	1-00018-of-00024.gz	212
forevermore	1931	725	511	1	googlebooks-eng-20200217	1-00018-of-00024.gz	213
forevermore	1932	816	545	1	googlebooks-eng-20200217	1-00018-of-00024.gz	214
forevermore	1933	609	397	1	googlebooks-eng-20200217	1-00018-of-00024.gz	215
forevermore	1934	625	425	1	googlebooks-eng-20200217	1-00018-of-00024.gz	216
forevermore	1935	666	489	1	googlebooks-eng-20200217	1-00018-of-00024.gz	217
forevermore	1936	863	541	1	googlebooks-eng-20200217	1-00018-of-00024.gz	218
forevermore	1937	801	533	1	googlebooks-eng-20200217	1-00018-of-00024.gz	219
forevermore	1938	753	473	1	googlebooks-eng-20200217	1-00018-of-00024.gz	220
forevermore	1939	645	486	1	googlebooks-eng-20200217	1-00018-of-00024.gz	221
forevermore	1940	772	556	1	googlebooks-eng-20200217	1-00018-of-00024.gz	222
forevermore	1941	893	589	1	googlebooks-eng-20200217	1-00018-of-00024.gz	223
forevermore	1942	866	548	1	googlebooks-eng-20200217	1-00018-of-00024.gz	224
forevermore	1943	649	465	1	googlebooks-eng-20200217	1-00018-of-00024.gz	225
forevermore	1944	586	421	1	googlebooks-eng-20200217	1-00018-of-00024.gz	226
forevermore	1945	728	483	1	googlebooks-eng-20200217	1-00018-of-00024.gz	227
forevermore	1946	672	451	1	googlebooks-eng-20200217	1-00018-of-00024.gz	228
forevermore	1947	654	492	1	googlebooks-eng-20200217	1-00018-of-00024.gz	229
forevermore	1948	816	573	1	googlebooks-eng-20200217	1-00018-of-00024.gz	230
forevermore	1949	739	568	1	googlebooks-eng-20200217	1-00018-of-00024.gz	231
forevermore	1950	846	581	1	googlebooks-eng-20200217	1-00018-of-00024.gz	232
forevermore	1951	832	512	1	googlebooks-eng-20200217	1-00018-of-00024.gz	233
forevermore	1952	672	508	1	googlebooks-eng-20200217	1-00018-of-00024.gz	234
forevermore	1953	739	505	1	googlebooks-eng-20200217	1-00018-of-00024.gz	235
forevermore	1954	736	495	1	googlebooks-eng-20200217	1-00018-of-00024.gz	236
forevermore	1955	653	518	1	googlebooks-eng-20200217	1-00018-of-00024.gz	237
forevermore	1956	870	606	1	googlebooks-eng-20200217	1-00018-of-00024.gz	238
forevermore	1957	794	520	1	googlebooks-eng-20200217	1-00018-of-00024.gz	239
forevermore	1958	773	561	1	googlebooks-eng-20200217	1-00018-of-00024.gz	240
forevermore	1959	841	614	1	googlebooks-eng-20200217	1-00018-of-00024.gz	241
forevermore	1960	850	640	1	googlebooks-eng-20200217	1-00018-of-00024.gz	242
forevermore	1961	836	636	1	googlebooks-eng-20200217	1-00018-of-00024.gz	243
forevermore	1962	861	649	1	googlebooks-eng-20200217	1-00018-of-00024.gz	244
forevermore	1963	983	753	1	googlebooks-eng-20200217	1-00018-of-00024.gz	245
forevermore	1964	896	650	1	googlebooks-eng-20200217	1-00018-of-00024.gz	246
forevermore	1965	1189	815	1	googlebooks-eng-20200217	1-00018-of-00024.gz	247
forevermore	1966	894	687	1	googlebooks-eng-20200217	1-00018-of-00024.gz	248
forevermore	1967	1126	860	1	googlebooks-eng-20200217	1-00018-of-00024.gz	249
forevermore	1968	1308	1007	1	googlebooks-eng-20200217	1-00018-of-00024.gz	250
forevermore	1969	1297	996	1	googlebooks-eng-20200217	1-00018-of-00024.gz	251
forevermore	1970	1100	878	1	googlebooks-eng-20200217	1-00018-of-00024.gz	252
forevermore	1971	1194	854	1	googlebooks-eng-20200217	1-00018-of-00024.gz	253
forevermore	1972	1122	803	1	googlebooks-eng-20200217	1-00018-of-00024.gz	254
forevermore	1973	1014	791	1	googlebooks-eng-20200217	1-00018-of-00024.gz	255
forevermore	1974	1084	783	1	googlebooks-eng-20200217	1-00018-of-00024.gz	256
forevermore	1975	977	757	1	googlebooks-eng-20200217	1-00018-of-00024.gz	257
forevermore	1976	955	759	1	googlebooks-eng-20200217	1-00018-of-00024.gz	258
forevermore	1977	950	750	1	googlebooks-eng-20200217	1-00018-of-00024.gz	259
forevermore	1978	976	711	1	googlebooks-eng-20200217	1-00018-of-00024.gz	260
forevermore	1979	860	681	1	googlebooks-eng-20200217	1-00018-of-00024.gz	261
forevermore	1980	974	709	1	googlebooks-eng-20200217	1-00018-of-00024.gz	262
forevermore	1981	991	739	1	googlebooks-eng-20200217	1-00018-of-00024.gz	263
forevermore	1982	978	713	1	googlebooks-eng-20200217	1-00018-of-00024.gz	264
forevermore	1983	1115	805	1	googlebooks-eng-20200217	1-00018-of-00024.gz	265
forevermore	1984	1059	802	1	googlebooks-eng-20200217	1-00018-of-00024.gz	266
forevermore	1985	1092	817	1	googlebooks-eng-20200217	1-00018-of-00024.gz	267
forevermore	1986	1013	753	1	googlebooks-eng-20200217	1-00018-of-00024.gz	268
forevermore	1987	1299	895	1	googlebooks-eng-20200217	1-00018-of-00024.gz	269
forevermore	1988	1256	909	1	googlebooks-eng-20200217	1-00018-of-00024.gz	270
forevermore	1989	1376	964	1	googlebooks-eng-20200217	1-00018-of-00024.gz	271
forevermore	1990	1426	1016	1	googlebooks-eng-20200217	1-00018-of-00024.gz	272
forevermore	1991	1507	998	1	googlebooks-eng-20200217	1-00018-of-00024.gz	273
forevermore	1992	1434	1015	1	googlebooks-eng-20200217	1-00018-of-00024.gz	274
forevermore	1993	1779	1131	1	googlebooks-eng-20200217	1-00018-of-00024.gz	275
forevermore	1994	1439	1131	1	googlebooks-eng-20200217	1-00018-of-00024.gz	276
forevermore	1995	1664	1179	1	googlebooks-eng-20200217	1-00018-of-00024.gz	277
forevermore	1996	1805	1341	1	googlebooks-eng-20200217	1-00018-of-00024.gz	278
forevermore	1997	1823	1268	1	googlebooks-eng-20200217	1-00018-of-00024.gz	279
forevermore	1998	1879	1380	1	googlebooks-eng-20200217	1-00018-of-00024.gz	280
forevermore	1999	2087	1496	1	googlebooks-eng-20200217	1-00018-of-00024.gz	281
forevermore	2000	2773	1890	1	googlebooks-eng-20200217	1-00018-of-00024.gz	282
forevermore	2001	2701	1946	1	googlebooks-eng-20200217	1-00018-of-00024.gz	283
forevermore	2002	2963	2104	1	googlebooks-eng-20200217	1-00018-of-00024.gz	284
forevermore	2003	3821	2517	1	googlebooks-eng-20200217	1-00018-of-00024.gz	285
forevermore	2004	3977	2579	1	googlebooks-eng-20200217	1-00018-of-00024.gz	286
forevermore	2005	4477	2563	1	googlebooks-eng-20200217	1-00018-of-00024.gz	287
forevermore	2006	4103	2756	1	googlebooks-eng-20200217	1-00018-of-00024.gz	288
forevermore	2007	4713	2946	1	googlebooks-eng-20200217	1-00018-of-00024.gz	289
forevermore	2008	5285	3540	1	googlebooks-eng-20200217	1-00018-of-00024.gz	290
forevermore	2009	5801	3715	1	googlebooks-eng-20200217	1-00018-of-00024.gz	291
forevermore	2010	6145	3655	1	googlebooks-eng-20200217	1-00018-of-00024.gz	292
forevermore	2011	6373	3815	1	googlebooks-eng-20200217	1-00018-of-00024.gz	293
forevermore	2012	8109	4857	1	googlebooks-eng-20200217	1-00018-of-00024.gz	294
forevermore	2013	7320	4432	1	googlebooks-eng-20200217	1-00018-of-00024.gz	295
forevermore	2014	7794	4525	1	googlebooks-eng-20200217	1-00018-of-00024.gz	296
forevermore	2015	6460	3887	1	googlebooks-eng-20200217	1-00018-of-00024.gz	297
forevermore	2016	5435	3499	1	googlebooks-eng-20200217	1-00018-of-00024.gz	298
forevermore	2017	8365	3920	1	googlebooks-eng-20200217	1-00018-of-00024.gz	299
forevermore	2018	6611	4119	1	googlebooks-eng-20200217	1-00018-of-00024.gz	300
forevermore	2019	5994	3669	1	googlebooks-eng-20200217	1-00018-of-00024.gz	301
